{"format": "line_segments_xyzxyz", "count": 100, "segments": [[-0.05335995554924011, 0.3150700628757477, 0.07103876024484634, 0.002578156068921089, 0.30485132336616516, 0.05038725212216377], [-0.043954651802778244, 0.7423927187919617, 0.032822661101818085, 0.02231125719845295, 0.6944369077682495, 0.10465842485427856], [0.03597076237201691, 0.6008791327476501, -0.2026335448026657, 0.08436756581068039, 0.6328437924385071, -0.15801061689853668], [-0.12477051466703415, -0.5056835412979126, -0.23761257529258728, -0.08880255371332169, -0.4817962646484375, -0.26769429445266724], [0.021130766719579697, 0.7455250024795532, -0.06138398498296738, 0.08092477172613144, 0.7313451170921326, 0.016477078199386597], [-0.12402788549661636, 0.709413468837738, 0.002130140783265233, -0.061658475548028946, 0.6780283451080322, 0.07287809997797012], [0.012192880734801292, 0.7648215293884277, -0.09524872899055481, 0.0707659050822258, 0.7617747783660889, -0.0064681158401072025], [-0.21901178359985352, 0.558283805847168, -0.1921699196100235, -0.17713989317417145, 0.6185819506645203, -0.10269280523061752], [-0.21150735020637512, 0.24964261054992676, -0.044675663113594055, -0.15916991233825684, 0.25262585282325745, -0.0532526932656765], [-0.039881832897663116, 0.06996333599090576, -0.27178454399108887, -0.00032980440300889313, 0.11385929584503174, -0.3199942708015442], [0.5773031115531921, 0.024060970172286034, -0.1381542682647705, 0.15072780847549438, 0.15608914196491241, 0.14108313620090485], [-0.1780940592288971, 0.03134141117334366, -0.23006223142147064, -0.13175338506698608, 0.06295761466026306, -0.2711285948753357], [-0.09526537358760834, 0.7286459803581238, 0.0288682971149683, -0.031515445560216904, 0.6864482164382935, 0.09966212511062622], [-0.18795716762542725, 0.3045711815357208, 0.0052914610132575035, -0.1310543566942215, 0.3025529086589813, -0.004928180482238531], [0.009902444668114185, 0.7807682156562805, -0.009708775207400322, 0.07281670719385147, 0.7475913166999817, 0.07815646380186081], [-0.08793359249830246, 0.6715896129608154, -0.13446642458438873, -0.03869790956377983, 0.6971324682235718, -0.07035937160253525], [-0.09150506556034088, 0.5712774395942688, -0.0567178800702095, -0.03527578338980675, 0.5767948627471924, -0.019006554037332535], [-0.2163582593202591, 0.294120192527771, -0.05698735639452934, -0.1631985455751419, 0.30147626996040344, -0.06279727071523666], [-0.068811796605587, 0.6510483622550964, 0.040240414440631866, -0.008717612363398075, 0.6067741513252258, 0.08352430909872055], [0.13604086637496948, 0.20617364346981049, -0.0827641412615776, 0.18158170580863953, 0.2169216275215149, -0.11791711300611496], [-0.07340994477272034, 0.6573528051376343, 0.042363692075014114, -0.01458975113928318, 0.610957145690918, 0.08813275396823883], [-0.27814558148384094, -0.8369577527046204, -0.1335446834564209, -0.2367476224899292, -0.8322116732597351, -0.18206702172756195], [-0.060024768114089966, 0.7031461596488953, 0.06775909662246704, 0.0035598815884441137, 0.6450887322425842, 0.12400872260332108], [-0.0962323397397995, 0.5113474130630493, -0.25166040658950806, -0.06881418824195862, 0.5720782279968262, -0.21040309965610504], [-0.1135624423623085, 0.6971529722213745, 0.018957022577524185, -0.049114618450403214, 0.6578773260116577, 0.07888757437467575], [-0.20657458901405334, 0.2714081406593323, -0.19517618417739868, -0.1653548628091812, 0.3082215487957001, -0.20313437283039093], [-0.007983602583408356, -0.001872347784228623, -0.010277200490236282, 0.03658609837293625, 0.005891954991966486, -0.06619732826948166], [0.017383374273777008, 0.6140647530555725, -0.07132773101329803, 0.06708730757236481, 0.6140779852867126, -0.03705532103776932], [0.513472318649292, 0.15120482444763184, -0.14464601874351501, 0.27550745010375977, 0.22092822194099426, 0.1088925153017044], [0.020274722948670387, -0.1016668900847435, -0.05950269475579262, 0.06691394001245499, -0.08500401675701141, -0.10919695347547531], [0.15953925251960754, -0.8378470540046692, -0.13036099076271057, 0.1933175027370453, -0.834625244140625, -0.17430487275123596], [-0.1346152275800705, 0.7098274827003479, -0.060111161321401596, -0.07518164068460464, 0.7032921314239502, 0.011334853246808052], [0.5391982197761536, 0.06292320042848587, -0.13637220859527588, 0.20333828032016754, 0.15704266726970673, 0.12425817549228668], [0.05293342471122742, -0.39569398760795593, -0.1691952347755432, 0.09182190150022507, -0.3741947114467621, -0.2038758546113968], [-0.06164323911070824, 0.8378311991691589, 0.003178393468260765, 0.002431298838928342, 0.7958306074142456, 0.11517871916294098], [-0.24778324365615845, 0.5222793221473694, -0.08564445376396179, -0.18225924670696259, 0.5658012628555298, -0.0018669600831344724], [0.1314244121313095, 0.4169679880142212, -0.009542252868413925, 0.1737675964832306, 0.4178948402404785, -0.008140022866427898], [-0.09360147267580032, 0.7424864172935486, -0.14169351756572723, -0.037695519626140594, 0.7647567987442017, -0.05140363425016403], [-0.21950359642505646, 0.6016257405281067, -0.13141518831253052, -0.15755444765090942, 0.649538516998291, -0.041580941528081894], [-0.2506735026836395, 0.46583420038223267, -0.2155001312494278, -0.221981018781662, 0.5316150784492493, -0.11805853247642517], [-0.13169284164905548, 0.7961790561676025, -0.06428823620080948, -0.06991691887378693, 0.784141480922699, 0.04468078166246414], [-0.1327541470527649, 0.7489410042762756, -0.07366755604743958, -0.07328209280967712, 0.7442962527275085, 0.014034900814294815], [-0.22370189428329468, 0.14119237661361694, -0.13131900131702423, -0.17978371679782867, 0.16719238460063934, -0.1661401391029358], [-0.10740896314382553, 0.6578724384307861, 0.016931023448705673, -0.04345385730266571, 0.6199681162834167, 0.06340222805738449], [-0.06619943678379059, -0.06986235082149506, -0.17163674533367157, -0.020312195643782616, -0.04806402325630188, -0.22709017992019653], [-0.23207025229930878, 0.49738991260528564, -0.064273402094841, -0.1657591164112091, 0.5302314162254333, -0.012031850405037403], [-0.12446127086877823, -0.5338310599327087, -0.24824553728103638, -0.08835788816213608, -0.5109731554985046, -0.27643653750419617], [0.4675061106681824, 0.15227901935577393, -0.14189112186431885, 0.31473496556282043, 0.21268603205680847, 0.07449065893888474], [0.06760755926370621, -0.4025065302848816, -0.1562807857990265, 0.11029662936925888, -0.3798370361328125, -0.19119924306869507], [0.19767968356609344, -0.805915892124176, -0.2584589123725891, 0.2200799435377121, -0.7909132242202759, -0.3004770278930664], [-0.2814418375492096, -0.8239428997039795, -0.24063387513160706, -0.23554839193820953, -0.8190787434577942, -0.28610309958457947], [-0.13774628937244415, 0.38245126605033875, 0.052980825304985046, -0.07818742841482162, 0.3691123127937317, 0.050948213785886765], [0.10498666018247604, 0.5456822514533997, -0.19860656559467316, 0.16702057421207428, 0.5858635902404785, -0.15532051026821136], [-0.22656196355819702, 0.5427220463752747, -0.19858263432979584, -0.18607206642627716, 0.6000615358352661, -0.10751989483833313], [0.5718729496002197, 0.03878993168473244, -0.11707252264022827, 0.16371361911296844, 0.1671627163887024, 0.11740045249462128], [-0.09340319782495499, 0.6380995512008667, -0.154155895113945, -0.043874308466911316, 0.6754273772239685, -0.0914740040898323], [-0.0298837311565876, 0.26914098858833313, -0.24156439304351807, 0.012587925419211388, 0.31080952286720276, -0.26124846935272217], [-0.03501751646399498, 0.6940487623214722, 0.04402059316635132, 0.025862133130431175, 0.6451953649520874, 0.09336112439632416], [0.18616436421871185, 0.4906676709651947, -0.059398896992206573, 0.22346749901771545, 0.5173021554946899, -0.015350421890616417], [0.01775095798075199, 0.7702525854110718, -0.05709092319011688, 0.0780395120382309, 0.7562282681465149, 0.03121185675263405], [-0.12108062952756882, -0.43357256054878235, -0.2355450987815857, -0.08371297270059586, -0.41030266880989075, -0.263267457485199], [0.14020660519599915, 