{"format": "line_segments_xyzxyz", "count": 50, "segments": [[0.22850918769836426, -0.0655050203204155, -0.3378245234489441, -1.0755366086959839, -0.8617534041404724, -0.5685876607894897], [0.24940118193626404, -0.046078022569417953, -0.4743245244026184, -1.144979476928711, -0.8861982822418213, -0.664425253868103], [-0.04674090817570686, -0.06421700119972229, -0.16961869597434998, -1.1998319625854492, -0.6587970852851868, -0.21837443113327026], [-0.16925689578056335, 0.09921900182962418, -0.3130146861076355, -1.3691580295562744, -0.5187112092971802, -0.28503522276878357], [-0.06982091069221497, -0.10090400278568268, -0.33003267645835876, -1.3340994119644165, -0.6874402165412903, -0.2364058643579483], [-0.10936390608549118, 0.06769199669361115, -0.5400927066802979, -1.475537657737732, -0.6081506609916687, -0.4199378788471222], [0.20185419917106628, 0.06946197897195816, -0.5580235123634338, -1.2192386388778687, -0.8094873428344727, -0.7432674169540405], [0.22360718250274658, 0.050035975873470306, -0.15315252542495728, -0.9337106347084045, -0.771105170249939, -0.5733609199523926], [0.2544511556625366, 0.09361498057842255, 0.22632446885108948, -0.6449950933456421, -0.7102242708206177, -0.4729574918746948], [0.1390501856803894, -0.08232102543115616, 0.2739414870738983, -0.7469612956047058, -0.7189339399337769, -0.19818630814552307], [0.15726317465305328, 0.04042397812008858, -0.18140152096748352, -1.0115904808044434, -0.7378413677215576, -0.5112125277519226], [-0.08500590920448303, 0.06580500304698944, -0.4623356759548187, -1.4029661417007446, -0.6127710938453674, -0.40911638736724854], [-0.1923799067735672, -0.04607800394296646, -0.9597326517105103, -1.8497532606124878, -0.6776738166809082, -0.43034663796424866], [0.057454176247119904, -0.09994801878929138, 0.18825048208236694, -0.8779333829879761, -0.6888278126716614, -0.13944564759731293], [-0.0807679072022438, 0.04042399674654007, -0.3872256875038147, -1.3540847301483154, -0.6169207692146301, -0.3607790172100067], [0.16485817730426788, 0.06946098059415817, -0.27406951785087585, -1.061303973197937, -0.7421063184738159, -0.5820128917694092], [0.11741418391466141, 0.14227598905563354, 0.20565646886825562, -0.7672626376152039, -0.6006715893745422, -0.3816955089569092], [0.18927818536758423, 0.05717097595334053, 0.12964147329330444, -0.7728582620620728, -0.7019614577293396, -0.42088210582733154], [-0.2395879030227661, 0.06885900348424911, -1.366835594177246, -2.1399917602539062, -0.6512233018875122, -0.6501875519752502], [-0.27667590975761414, -0.0467660054564476, -1.3759007453918457, -2.2006144523620605, -0.6879940629005432, -0.5263350605964661], [0.216228187084198, -0.13649502396583557, 0.23018646240234375, -0.7203656435012817, -0.80284583568573, -0.2528349757194519], [-0.25076091289520264, -0.04607800394296646, -1.2170906066894531, -2.0720250606536865, -0.6798304915428162, -0.4837275743484497], [-0.04217391088604927, -0.039388999342918396, -0.16504967212677002, -1.1879862546920776, -0.648320734500885, -0.2403961420059204], [-0.20612390339374542, -0.06635399907827377, -0.4012987017631531, -1.492315411567688, -0.5933578610420227, -0.1569354236125946], [-0.21741990745067596, 0.055858999490737915, -0.5616146922111511, -1.585267186164856, -0.5482519865036011, -0.3110167980194092], [0.05788217484951019, 0.15015998482704163, 0.21201547980308533, -0.8127220273017883, -0.5575016736984253, -0.3249954283237457], [-0.2643629312515259, 0.04042399674654007, -0.831222653388977, -1.8089005947113037, -0.567520022392273, -0.3692238926887512], [0.14176318049430847, 0.094852976500988, 0.18266648054122925, -0.7709487676620483, -0.6440741419792175, -0.37923747301101685], [0.2818911671638489, 0.055858977138996124, -0.37841251492500305, -1.0329489707946777, -0.8401268124580383, -0.7350395917892456], [-0.18927590548992157, 0.06946100294589996, -1.370384693145752, -2.098930835723877, -0.6837100982666016, -0.7029882073402405], [0.24919818341732025, -0.06902401894330978, 0.21594345569610596, -0.6882927417755127, -0.7916536331176758, -0.3450643718242645], [0.17322419583797455, 0.050035975873470306, -0.5245695114135742, -1.225330114364624, -0.795928955078125, -0.6845878958702087], [0.13021017611026764, 0.07244797796010971, 0.11953146755695343, -0.8274783492088318, -0.6578396558761597, -0.37761563062667847], [-0.019209908321499825, 0.0019779980648308992, -0.06534665822982788, -1.093479871749878, -0.6265456080436707, -0.2523987889289856], [0.25996720790863037, -0.04392002150416374, 0.274151474237442, -0.6352028846740723, -0.7767626047134399, -0.3501545488834381], [0.27347517013549805, 0.055858977138996124, -0.46103352308273315, -1.0954158306121826, -0.8474381566047668, -0.7625994682312012], [-0.00552790891379118, 0.0019779980648308992, 0.09156733751296997, -0.9768242835998535, -0.6111844778060913, -0.19773387908935547], [-0.2878549098968506, -0.07503999769687653, -0.3432396650314331, -1.5255755186080933, -0.5364847183227539, -0.042316898703575134], [0.15951718389987946, 0.06765897572040558, -0.42756351828575134, -1.168845534324646, -0.7632097005844116, -0.6421957015991211], [-0.1311389058828354, 0.05600599944591522, -0.6474426984786987, -1.5683212280273438, -0.6166802644729614, -0.43567147850990295], [-0.22718289494514465, 0.14045199751853943, -0.34321969747543335, -1.4311449527740479, -0.4651336073875427, -0.2719781696796417], [-0.0581098273396492, 0.0019779775757342577, 0.5591204762458801, -0.7095959186553955, -0.5055778622627258, 0.05937071144580841], [-0.06052790954709053, -0.08508899807929993, -0.31570568680763245, -1.313427209854126, -0.6831032037734985, -0.2518947720527649], [-0.2510979175567627, 0.0670820027589798, -0.7905136942863464, -1.7650535106658936, -0.5561249852180481, -0.3856842517852783], [0.07293818145990372, 0.09594997763633728, 0.17088747024536133, -0.8378602266311646, -0.6012089252471924, -0.3157680332660675], [0.03791717439889908, -0.046078022569417953, 0.4087144732475281, -0.7368570566177368, -0.6148430705070496, -0.06562535464763641], [-0.1881389021873474, 0.1024710014462471, -0.36978769302368164, -1.4227228164672852, -0.5136754512786865, -0.29329365491867065], [-0.2802829146385193, -0.04055599868297577, -1.375646710395813, -2.202334403991699, -0.6824661493301392, -0.5274374485015869], [-0.23566889762878418, 0.10578200221061707, -0.3521716892719269, -1.4512207508087158, -0.4788067936897278, -0.24022085964679718], [0.16497519612312317, -0.03646702319383621, -0.6409904956817627, -1.3271771669387817, -0.8527970314025879, -0.6594539284706116]]}